-- phpMyAdmin SQL Dump
-- version 4.8.3
-- https://www.phpmyadmin.net/
--
-- Máy chủ: 127.0.0.1
-- Thời gian đã tạo: Th5 07, 2019 lúc 01:22 PM
-- Phiên bản máy phục vụ: 10.1.36-MariaDB
-- Phiên bản PHP: 7.2.11

SET SQL_MODE = "NO_AUTO_VALUE_ON_ZERO";
SET AUTOCOMMIT = 0;
START TRANSACTION;
SET time_zone = "+00:00";


/*!40101 SET @OLD_CHARACTER_SET_CLIENT=@@CHARACTER_SET_CLIENT */;
/*!40101 SET @OLD_CHARACTER_SET_RESULTS=@@CHARACTER_SET_RESULTS */;
/*!40101 SET @OLD_COLLATION_CONNECTION=@@COLLATION_CONNECTION */;
/*!40101 SET NAMES utf8mb4 */;

--
-- Cơ sở dữ liệu: `htgqd`
--

-- --------------------------------------------------------

--
-- Cấu trúc bảng cho bảng `datadulich`
--

CREATE TABLE `datadulich` (
  `Dia_diem` varchar(50) CHARACTER SET utf8 COLLATE utf8_bin NOT NULL,
  `Vi_do` float NOT NULL,
  `Kinh_do` float NOT NULL,
  `Loai_Hinh` int(11) NOT NULL,
  `Su_thu_hut` float NOT NULL,
  `Chi_phi` int(11) NOT NULL,
  `Khach_san` int(11) NOT NULL,
  `Do_an` int(11) NOT NULL,
  `Review` float NOT NULL
) ENGINE=InnoDB DEFAULT CHARSET=latin1;

--
-- Đang đổ dữ liệu cho bảng `datadulich`
--

INSERT INTO `datadulich` (Dia_diem, Vi_do, Kinh_do, Loai_Hinh, Su_thu_hut, Chi_phi, Khach_san, Do_an, Review)VALUES
('Đèo Ô Quy Hồi', 22.3633712, 103.7544965, 3, 6.9, 40, 2, 7, 3.9),
('Bản nà Luông', 22.2732135, 103.6434891, 3, 5.3, 50, 2, 7, 3.5),
('Bản Hon', 22.3070789, 103.4892822, 3, 6.8, 40, 2, 6, 3.1),
('Sì Thâu Chải', 22.3615376, 103.5990454, 3, 7.0, 60, 3, 6, 3.9),
('Nùng Nàng', 22.3546272, 103.4167528, 3, 6.1, 80, 3, 8, 4.0),
('Động Tiên Sơn', 22.3183714, 103.6539937, 1, 6.9, 70, 3, 6, 3.5),
('Rừng thông Yên Minh', 23.1672751, 105.052268, 3, 6.9, 50, 2, 7, 3.9),
('Thung lũng Sủng Là', 23.2450011, 105.1793893, 1, 5.5, 70, 2, 7, 3.5),
('Dinh Thự họ Vương', 23.2564492, 105.2598413, 3, 6.8, 55, 3, 6, 3.2),
('Cột cờ Lũng Cú', 23.3637612, 105.3140336, 3, 8.0, 60, 3, 7, 4.5),
('Cao nguyên đá Đồng Văn', 23.260343, 105.2550733, 3, 7.1, 80, 3, 8, 4.0),
('Thác Bản Giốc', 22.8553194, 106.7204038, 1, 6.9, 50, 2, 7, 3.9),
('Chùa Phật Tích Trúc Lâm Bản Giốc',22.8508215, 106.7209567, 2, 5.5, 60, 2, 8, 3.7),
('Động Ngườm Ngao', 22.8450219, 106.703981, 1, 6.8, 53, 3, 5, 4.5),
('Hồ Thang Hen', 22.7590179, 106.2919356, 3, 8.0, 60, 3, 5, 4.5),
(' Khu di tích Pác Pó', 22.9796809, 106.0511648, 3, 7.1, 40, 3, 8, 4.0),
('Cao nguyên Mộc Châu', 20.829305, 104.6993613, 3, 5.5, 10, 2, 5, 3.9),
('Hang Dơi',20.8500612, 104.6368266, 1, 6.3, 50, 3, 8, 3.9),
('Hồ Tiền Phong',21.2099101, 104.0475886, 3, 5.8, 20, 2, 6, 3.1),
('Thác Dải Yếm',20.8178169, 104.589673, 3, 6.0, 50, 3, 8, 3.9),
('Di tích nhà tù Sơn La',21.3307233, 103.9057758, 3, 6.1, 10, 3, 8, 4.0),
('Hồ Thác Bà',21.7272216, 105.0126341, 3, 7.9, 30, 4, 7, 3.9),
('Thác Pú Nhu',21.7945891, 104.1396239, 3, 8.3, 20, 3, 8, 3.5),
('Bản Lìm Mông', 21.7790584, 104.2670988, 3, 6.8, 80, 2, 9, 3.1),
('Suối Giàng', 21.6189988, 104.5633052, 3, 8.0, 20, 3, 6, 3.2),
(' Cánh đồng Mường Lò',21.5954042, 104.5122276, 3, 6.1, 35, 3, 7, 4.0),
('Cây đa Tân Trào',21.775414, 105.4751029, 3, 6.9, 15, 3, 9, 3.9),
('Thác Mơ', 22.35087, 105.3832103, 3, 8.3, 23, 3, 6, 3.4),
('Khu du lịch sinh thái Nà Hàng', 22.3799922, 105.5000534, 3, 6.8, 37, 2, 9, 3.1),
('Khu du lịch sinh thái Hàm Yên', 22.0942383, 104.7247346, 3, 8.0, 23, 3, 6, 3.2),
('Đền Hạ', 21.8131439, 105.2128861, 2, 7.1, 15, 3, 7, 4.0),
('Hồ Ba Bể', 23.1672751, 105.052268, 3, 7.8, 22, 3, 8, 3.9),
('Động Puông', 22.4621881, 105.6512475, 1, 6.5, 80, 2, 7, 3.5),
('Thác Đầu Đẳng', 22.4522719, 105.5687026, 1, 8.8, 15, 3, 6, 3.2),
('Vườn quốc gia Ba Bể',22.3966796, 105.6136627, 3, 8.0, 71, 2, 8, 3.1),
('Ao Tiên', 22.4478802, 105.6150886, 3, 7.1, 11, 4, 5, 4.5), 
('Mẫu Sơn', 21.8499994, 106.9579119, 1, 7.9, 24, 4, 7, 3.7),
('Chùa Tam Thanh', 21.8555784, 106.7450443, 2, 8.5, 30, 2, 9, 3.5),
('Ải Chi Lăng', 21.6194874, 106.5403019, 3, 7.8, 7, 3, 8, 3.3),
('Đền Kỳ Cùng', 21.8513526, 106.7558342, 2, 7.0, 8, 2, 9, 4.1),
('Thành nhà Mạc', 21.8571399, 106.7465326, 3, 9.1, 10, 3, 5, 4.1),
('Vịnh Hạ Long', 20.8434084, 107.0095391, 3, 9.5, 44, 5, 6, 4.7),
('Bãi Cháy', 21.8555784, 106.7450443, 5, 8.5, 15, 3, 8, 3.5),
('Núi Yên Tử', 21.1330803, 106.7239556, 2, 7.8, 25, 2, 8, 4.3),
('Đảo Tuần Châu', 21.8513526, 106.7558342, 5, 9.0, 55, 3, 5, 4.1),
('Đảo Cô Tô', 20.9835096, 107.7240529, 5, 8.3, 65, 3, 5, 4.1),
('Thung Nai', 20.7469545, 105.1956757, 1, 7.5, 14, 3, 8, 4.2),
('Cửu thác Tú Sơn', 20.7099159, 105.4157284, 3, 5.5, 6, 3, 8, 3.5),
('Mai Châu', 20.6810959, 104.8570961, 3, 8.8, 9, 2, 8, 4.3),
('Đèo Đá Trắng', 20.6602063, 105.1407402, 1, 8.1, 13, 3, 5, 3.1),
('Động Thác Bờ', 20.756703, 105.1744003, 3, 6.3, 11, 3, 8, 3.2),
('Hồ Ly ', 21.3217541, 105.0017338, 3, 5.5, 11, 3, 6, 4.2),
('Đồi chè Long Cốc', 21.1329826, 105.0596477, 3, 5.6, 45, 3, 6, 3.5),
('Khu di tích đền Hùng', 21.3765959, 105.3043747, 2, 9.8, 10, 4, 9, 3.3),
('Đền Quốc mẫu Âu Cơ', 21.376174, 105.3218873, 2, 9.1, 30, 3, 9, 4.5),
('Hang Lạng', 21.110347, 104.9533033, 1, 8.3, 13, 2, 5, 3.3),
('Tam Đảo', 21.4553802, 105.4473763, 3, 9.5, 64, 3, 6, 4.2),
('Thiền viện Trúc Lâm Tây Thiên', 21.465772, 105.5833711, 2, 9.6, 5, 3, 7, 3.5),
('Tháp Bình Sơn', 21.4196857, 105.4044762, 3, 7.8, 15, 4, 10, 3.3),
('Hồ Đại Lải', 21.3282252, 105.6995251, 3, 6.1, 10, 3, 5, 4.5),
('Làng gốm Hương Canh', 21.273715, 105.645584, 3, 6.3, 8, 2, 9, 3.3),
('Đồi chè Tân Cương', 21.543183, 105.7580643, 3, 6.5, 11, 3, 8, 3.2),
('Hồ Suối Lạnh', 21.4070008, 105.7622624, 3, 7.6, 5, 3, 8, 4.5),
('Hang Phượng Hoàng', 21.7794819, 106.1156559, 3, 8.8, 10, 3, 6, 3.3),
('Suối Cửa Tử', 21.6024528, 105.5306615, 3, 6.1, 20, 2, 6, 4.5),
('Chùa Hang', 21.6280765, 105.8148628, 2, 9.3, 53, 3, 9, 4.3),
('Quảng trường Ba Đình – Lăng Bác',21.0373592, 105.8339807, 3, 9.9, 9, 3, 10, 4.9),
('Hồ Gươm', 21.0287797, 105.850176, 3, 8.6, 7, 4, 8, 4.5),
('Văn Miếu – Quốc Tử Giám', 21.0293696, 105.8339746, 2, 9.8, 12, 4, 5, 4.3),
('Nhà thờ lớn Hà Nội', 21.028738, 105.846754, 3, 5.1, 20, 5, 6, 4.5),
('Hoàng thành Thăng Long', 21.0335473, 105.83726, 2, 5.3, 10, 3, 8, 3.3),
('Đền Đô', 21.1070221, 105.9581029, 2, 9.5, 25, 3, 10, 3.2),
('Chùa Dâu', 21.0355647, 106.0404136, 2, 8.1, 21, 4, 6, 4.1),
('Làng gốm Phù Lãng', 21.1513549, 106.2539871, 3, 8.2, 18, 3, 7, 3.4),
('Đình làng Đình Bảng', 21.1083246, 105.94955, 3, 7.1, 21, 3, 8, 4.3),
('Làng tranh Đông Hồ', 21.069078, 106.073277, 3, 6.3, 14, 3, 5, 4.3),
('Đồng Cao', 21.3014923, 105.9412587, 3, 7.5, 5, 4, 8, 4.2),
('Khu bảo tồn Tây Yên Tử', 21.1763822, 106.7077388, 1, 7.1, 11, 2, 7, 4.1),
('Rừng nguyên sinh Khe Rỗ', 21.3400313, 106.968774, 1, 5.2, 60, 2, 5, 4.4),
('Làng Thổ Hà', 21.2033064, 106.0401308, 3, 7.1, 18, 3, 6, 4.3),
('Thành cổ Xương Giang', 21.291309, 106.2112866, 2, 8.3, 14, 3, 7, 4.3),
('Chùa Côn Sơn', 21.1505625, 106.3798722, 2, 5.5, 5, 3, 6, 3.3),
('Giếng Ngọc', 21.074854, 106.4143668, 2, 6.1, 24, 3, 6, 4.1),
('Đền Kiếp Bạc', 21.1511274, 106.3254484, 2, 8.2, 88, 3, 7, 3.4),
('Làng rối nước Thanh Hải', 20.8877415, 106.3993883, 3, 5.1, 23, 3, 7, 4.3),
('Đảo Cò Chi Lăng Nam', 20.7136152, 106.2257337, 1, 6.3, 44, 3, 5, 4.3),
('Bãi biển Đồ Sơn', 20.6872966, 106.7867245, 5, 8.5, 50, 3, 6, 3.3),
('Khu sinh thái Cát Bà', 20.6873932, 106.7604596, 3, 9.1, 84, 3, 6, 4.1),
('Vịnh Lan Hạ', 20.7350042, 107.0073366, 3, 9.2, 68, 3, 9, 4.4),
('Đảo Hòn Dấu', 20.6671244, 106.8135828, 3, 6.1, 63, 5, 7, 4.3),
('Tháp Tường Long', 20.7140871, 106.7679987, 3, 9.3, 41, 3, 5, 4.3),
('Bãi biển Đồng Châu', 20.3946063, 106.5825192, 5, 5.5, 5, 2, 5, 3.0),
('Khu du lịch sinh thái Cồn Đen',20.4877613, 106.6016269, 3, 6.1, 44, 3, 7, 4.1),
('Chùa Keo', 20.3609439, 106.2949927, 2, 6.2, 8, 4, 5, 3.4),
('Đền Tiên La', 20.6247514, 106.2203301, 2, 8.1, 6, 3, 5, 4.3),
('Làng dệt chiếu Hới', 20.62776, 106.1532801, 3, 8.3, 25, 3, 8, 4.3),
('Đền Chử Đồng Tử', 20.832979, 105.9220393, 2, 7.5, 12, 3, 8, 3.3),
('Phố Hiến', 20.6656995, 106.0071685, 3, 9.3, 8, 3, 7, 4.1),
('Phố Nối', 20.9308585, 106.0481499, 3, 8.2, 55, 3, 8, 4.1),
('Làng Nôm', 20.9935211, 106.0824135, 3, 6.1, 15, 3, 7, 4.3),
('Hồ Bán Nguyệt', 20.6440323, 106.0520921, 3, 9.5, 45, 3, 5, 4.7),
('Chùa Bà Đanh', 20.5691493, 105.8506338, 2, 7.5, 22, 3, 8, 3.3),
('Đền Trúc', 20.56658, 105.8588113, 2, 7.3, 18, 3, 7, 4.1),
('Đền Trần Thương', 20.5761623, 106.1037476, 2, 8.2, 15, 3, 8, 3.1),
('Khu du lịch sinh thái Tam Chúc', 20.5638521, 105.8098304, 3, 7.1, 15, 3, 7, 4.3),
('Làng trống Đọi Tam', 20.5896895, 105.966306, 3, 7.5, 47, 3, 5, 4.1),
('Đền Trần', 20.4555642, 106.1657828, 2, 7.6, 12, 3, 8, 3.8),
('Tháp Phổ Minh', 20.4544981, 106.1609366, 3, 5.3, 71, 3, 7, 4.1),
('Khu di tích Phủ Dầy', 20.3544498, 106.0794649, 3, 7.2, 45, 3, 9, 4.1),
('Vườn Quốc gia Xuân Thủy', 20.23276, 106.568004, 3, 5.1, 15, 3, 7, 4.7),
('Chợ Viềng', 20.3369138, 106.17849, 3, 8.5, 40, 3, 5, 4.4),
('Quần thể danh thắng Tràng An', 20.2531312, 105.9165344, 3, 9.5, 82, 3, 8, 3.8),
('Tam Cốc – Bích Động', 20.212506, 105.9186593, 3, 5.3, 71, 4, 5, 4.1),
('Cố đô Hoa Lư', 20.2500567, 105.8623765, 2, 5.2, 15, 3, 8, 4.2),
('Chùa Bái Đính', 20.2761587, 105.8627744, 2, 9.8, 55, 3, 7, 4.3),
('Vườn chim Thung Nham', 20.2209843, 105.8892313, 1, 7.5, 25, 3, 5, 4.2),
('Nhà Thờ Gỗ', 14.3454084, 108.0110067, 3, 5.1, 52, 2, 5, 3.8),
('Thác Pa Sỹ', 14.6208494, 108.2375082, 1, 6.3, 31, 5, 7, 3.1),
('Cầu treo Kon Klor', 14.3472731, 108.0332026, 1, 8.2, 25, 4, 7, 4.1),
('Tòa Giám Mục Kon Tum', 14.350948, 108.0084061, 3, 6.1, 25, 2, 9, 4.7),
('Nhà Rông Kon Klor', 14.3482552, 108.0319414, 3, 5.5, 41, 4, 5, 3.4),
('Thác Phú Cường', 13.6614991, 108.1342856, 1, 6.1, 32, 2, 5, 4.8),
('Biển Hồ', 14.0671345, 107.9848638, 3, 7.1, 11, 4, 10, 3.1),
('Biển Hồ Chè', 14.0644146, 108.0116156, 3, 8.2, 35, 4, 7, 4.1),
('Chùa Minh Thành', 13.9788995, 108.0040212, 2, 8.6, 55, 2, 9, 4.7),
('Thủy điện Yaly', 14.2279582, 107.8272357, 3, 5.7, 11, 4, 7, 3.4),
('Buôn Đôn', 12.8789535, 107.4765183, 1, 8.2, 12, 2, 5, 4.8),
('Vườn quốc gia Chư Yang Sin', 12.3959748, 108.3978887, 3, 7.5, 18, 3, 7, 4.1),
('Chùa sắc tứ Khải Đoan', 12.6819536, 108.0367291, 2, 5.2, 37, 4, 7, 4.1),
('Tháp Chăm Yang Prong', 13.2097135, 107.8294379, 3, 7.9, 50, 3, 6, 4.7),
('Hang đá Đăk Tuar', 12.7886874, 107.6792837, 1, 7.7, 31, 2, 7, 3.4),
('Thác Đắk Buk So', 12.1974319, 107.5115542, 1, 6.9, 12, 2, 5, 3.8),
('Hang động Chư Bluk', 12.4932096, 107.9134089, 1, 7.2, 21, 4, 7, 3.1),
('Hồ Ea Snô', 12.4379971, 107.9073696, 3, 8.6, 15, 2, 8, 4.2),
('Nâm Nung', 12.3473647, 107.7312125, 1, 8.2, 25, 2, 7, 4.1),
('Khu bảo tồn thiên nhiên Tà Đùng', 11.8660883, 107.9716255, 1, 7.7, 21, 2, 7, 3.4),
('Nhà cổ Bình Thủy', 10.0670296, 105.7473779, 3, 8.8, 9, 3, 7, 3.5),
('Bến Ninh Kiều', 10.0671175, 105.7145469, 3, 7.2, 10, 4, 6, 3.1),
('Chợ cổ Cần Thơ', 10.0672829, 105.7145468, 3, 9.5, 8, 4, 8, 4.7),
('Chợ nổi Cái Răng', 10.0041903, 105.7433446, 6, 6.7, 18, 3, 9, 4.0),
('Hồ Tuyền Lâm', 11.8892063, 108.4072567, 3, 6.8, 22, 3, 7, 4.5),
('Thác Dambri', 11.6403472, 107.7398453, 1, 7.2, 11, 2, 6, 4.1),
('Chùa Linh Quy Pháp Ẩn', 11.41666, 107.8204827, 2, 8.5, 15, 4, 8, 4.2),
('Tu viện Bát Nhã', 11.6227841, 107.7398738, 2, 6.6, 5, 3, 7, 4.1),
('Thung lũng tình yêu', 11.9801366, 108.447726, 3, 9.7, 80, 5, 8, 4.4),
('Khu du lịch Thủy Châu', 10.9004514, 106.8163876, 3, 8.8, 92, 5, 7, 4.5),
('Nhà thờ Chánh tòa Phú Cường', 10.9816145, 106.6517852, 2, 8.2, 15, 4, 6, 4.1),
('Chùa Hội Khánh', 10.9817468, 106.6569484, 2, 8.1, 15, 4, 8, 4.2),
('Công viên Thành phố mới Bình Dương', 11.0514629, 106.6762983, 3, 9.6, 5, 3, 7, 4.1),
('Làng Tre Phú An', 11.0655413, 106.5826258, 3, 5.7, 10, 3, 7, 4.4),
('Dinh Độc Lập', 10.7777169, 106.6946001, 2, 8.8, 12, 3, 7, 4.5),
('Nhà Thờ Đức Bà', 10.7797908, 106.6968302, 2, 7.2, 21, 4, 6, 4.1),
('Phố đi bộ Nguyễn Huệ', 10.7741144, 106.7014351, 3, 9.5, 15, 4, 8, 4.2),
('Chợ Bến Thành', 10.7725504, 106.6958526, 6, 6.6, 5, 3, 10, 4.1),
('Địa đạo Củ Chi', 10.7703993, 106.6997853, 2, 9.7, 10, 5, 8, 4.9),
('Nhà cổ trăm cột', 10.4826823, 106.6892075, 3, 8.0, 22, 3, 7, 4.5),
('Cảng biển Tân Lập', 10.5327014, 106.7371833, 3, 7.2, 11, 4, 6, 4.1),
('Làng nổi Tân Lập', 10.7145684, 105.9858737, 3, 8.5, 15, 4, 8, 4.2),
('Đồng Tháp Mười', 10.7249666, 106.0826714, 3, 6.6, 5, 3, 10, 4.1),
('Đất ngập nước láng sen', 10.7750958, 105.7084215, 3, 5.7, 10, 5, 8, 4.9),
('Khu di tích Xẻo Quýt', 10.3978559, 105.8025049, 3, 8.4, 62, 3, 7, 4.5),
('Khu du lịch sinh thái Gáo Giồng', 10.5886084, 105.6096407, 3, 7.2, 8, 4, 6, 4.1),
('Đồng Sen Tháp Mười', 10.5515297, 105.6488758, 3, 8.5, 15, 4, 8, 4.3),
('Vườn quốc gia Tràm Chim', 10.7271941, 105.4664982, 3, 9.6, 5, 3, 7, 4.1),
('Nhà cổ Huỳnh Thủy Lê', 10.2939809, 105.7662512, 3, 5.7, 12, 5, 8, 4.1),
('Biển Tân Thành', 10.3370582, 106.7065089, 3, 8.8, 12, 3, 7, 3.5),
('Chùa Vĩnh Tràng', 10.3621022, 106.3713709, 2, 7.2, 21, 4, 6, 3.1),
('Chợ nổi Cái Bè', 10.3324094, 106.0330144, 6, 9.5, 15, 4, 8, 4.9),
('Cù Lao Thới Sơn', 10.3324085, 106.3126264, 1, 6.6, 5, 3, 6, 5.0),
('Trại rắn Đồng Tâm', 10.3528774, 106.2946581, 1, 9.1, 19, 5, 5, 3.9),
('Cồn Quy', 10.3338339, 106.377418, 3, 8.8, 12, 3, 7, 3.2),
('Khu lăng mộ Nguyễn Đình Chiểu', 10.0369523, 106.5802233, 2, 7.2, 14, 4, 6, 3.1),
('Làng du kích Đồng Khởi', 10.0656464, 106.1411728, 3, 5.5, 15, 4, 8, 4.9),
('Làng hoa cảnh Cái Mơn', 10.2344618, 106.2019604, 3, 6.1, 5, 3, 8, 5.0),
('Vườn trái cây Cái Mơn', 10.2345496, 106.1691294, 6, 9.1, 19, 5, 5, 3.9),
('Bãi biển Ba Động', 9.6229166, 106.5588427, 5, 8.8, 62, 3, 7, 3.5),
('Ao Bà Om', 9.9176171, 106.3029351, 3, 7.2, 22, 4, 6, 3.1),
('Chùa Hang', 9.8870631, 106.3428335, 2, 9.5, 8, 4, 8, 4.7),
('Chùa Cò', 9.6445144, 106.3011487, 2, 6.9, 5, 3, 9, 5.0),
('Bảo tàng Khmer', 9.7629358, 106.0808858, 3, 9.1, 9, 5, 5, 3.9),
('Khu du lịch sinh thái Tây Đô', 9.9489239, 105.7564864, 3, 8.8, 12, 3, 7, 3.5),
('Căn cứ Bà Bái', 9.7350075, 105.6252998, 3, 7.2, 22, 4, 6, 3.1),
('Khu bảo tồn thiên nhiên Lung Ngọc Hoàng', 9.7203691, 105.6578986, 3, 9.5, 8, 4, 8, 4.7),
('Chợ nổi ngã bảy', 9.7207619, 105.5528295, 6, 6.9, 5, 3, 6, 5.0),
('Khu văn hóa lịch sử Long Mỹ', 9.723765, 105.1323866, 2, 9.9, 9, 5, 7, 3.9),
('Chùa Nam Nhã', 10.0721833, 105.7521629, 2, 9.1, 9, 5, 5, 3.9),
('Chùa Dơi', 9.5789567, 105.9702815, 2, 8.8, 19, 3, 7, 3.5),
('Vườn cò Tân Long',9.5406643, 105.6431469, 3, 7.2, 12, 4, 6, 3.1),
('Chùa Chén Kiểu', 9.5380291, 105.91802, 2, 9.5, 8, 4, 8, 4.7),
('Chùa Đất Sét', 9.6141335, 105.9777394, 2, 6.7, 18, 3, 9, 4.0),
('Cồn Mỹ Phước', 9.7929862, 106.0258714, 2, 9.1, 9, 5, 5, 3.9),
('Đồi A',21.3830608, 103.0164814, 3, 7.5, 30, 2, 7, 3.5),
('Hầm Đờ Cát',21.3849472, 103.008479, 3, 7.3, 20, 3, 8, 4.1),
('Thành Bản Phủ',21.3159635, 103.0036475, 3, 6.5, 10, 4, 8, 3.8),
('Bảo Tàng Chiến Thắng Điện Biên Phủ',21.3807619, 103.0130696, 3, 7.9, 12, 4, 6, 4.8),
('Tháp Chiềng Sơ',21.2688757, 103.3724797, 3, 8.5, 59, 4, 7, 3.5),
('Đền Thượng',22.5093499, 103.9659634, 2, 8.1, 41, 4, 8, 3.2),
('Thác Tiên Sa',22.3275289, 103.831897, 3, 5.5, 39, 3, 7, 4.4),
('Suối Vàng',22.3329475, 103.8405672, 3, 7.5, 30, 2, 7, 3.5),
('Núi Cô Tiên',22.7658474, 104.1102031, 3, 7.3, 50, 3, 8, 4.1),
('Đền Trung Đô',22.4525539, 104.2446904, 2, 6.5, 42, 4, 8, 4.5),
('Thành Nhà Hồ',20.0746073 ,105.6044315, 3, 8.1, 41, 4, 8, 3.8),
('Hòn Trống Mái',19.7265344, 105.8896616, 3, 5.5, 4.9, 3, 7, 3.8),
('Biển Hải Tiến',19.8471422, 105.9295115, 5, 8.5, 56, 2, 7, 4.5),
('Thác Mây',20.3644865, 105.4452501, 3, 7.3, 50, 3, 8, 4.1),
('Động Từ Thức',20.0478521, 105.9772446, 3, 6.8, 36, 4, 8, 3.5),
('Biển Cửa Lò',18.7942504, 105.7056015, 5, 7.9, 15, 3, 6, 3.7),
('Đảo Lan Châu',18.8202887, 105.7200193, 1, 7.3, 10, 3, 8, 3.1),
('Biển Cửa Hội',18.6606747, 105.67999, 5, 6.5, 42, 4, 8, 3.8),
('Núi Quyết',18.6483059, 105.6942531, 3, 7.9, 5, 3, 6, 3.8),
('Làng Sen', 18.6751996, 105.55350787, 3, 8.5, 15, 4, 5, 4.9),
('Biển Hoành Sơn', 18.260781, 105.805608, 5, 8.1, 11, 4, 8, 4.8),
('Ngã Ba Đồng Lập', 18.4015239, 105.7346857, 3, 5.5, 9, 3, 7, 4.3),
('Núi Hồng Lĩnh', 18.5440916, 105.8054564, 3, 8.5, 16, 2, 7, 4.5),
('Chùa Hương Tích',18.534074, 105.7869171, 2, 7.5, 8, 2, 7, 4.2),
('Biển Thiên Cầm',18.273325, 106.0957436, 5, 6.8, 9, 4, 8, 3.5),
('Vườn Quốc Gia Phong Nha Kẻ Bàng',17.5206333, 106.1522204, 1, 7.9, 15, 3, 6, 3.7),
('Thành phố Đồng Hới',17.4544544, 106.5359011, 3, 7.3, 24, 2, 8, 3.1),
('Biển Đá Nhảy',17.6594853, 106.5130306, 5, 6.5, 10, 4, 8, 3.8),
('Đèo Ngang',17.9500199, 106.4579119, 3, 8.2, 11, 3, 6, 4.3),
('Nhà Thờ Tam Tòa',17.4749168, 106.6211892, 2, 8.9, 12, 3, 8, 4.9),
('Thành cổ Quảng Trị', 16.7538062, 107.1877659, 3, 8.1, 15, 2, 5, 3.8),
('Khe Sanh', 16.6218659, 106.6959457, 3, 5.1, 9, 3, 7, 3.3),
('Đảo Cồn Cỏ', 17.1586179, 107.3313081, 1, 7.5, 16, 2, 5, 3.5),
('Nghĩa Trang Liệt Sỹ Trường Sơn',16.9578047, 106.953413, 2, 7.1, 18, 2, 7, 3.2),
('Thánh Địa La Vang',16.705809, 107.193684, 1, 6.8, 9, 2, 5, 3.1),
('Sông Hương',16.478915, 107.5248677, 3, 7.9, 25, 3, 8, 4.7),
('Núi Ngự Bình',16.4419969, 107.5929737, 3, 7.3, 24, 2, 8, 3.4),
('Núi Bạch Mã',16.1666869, 107.8245785, 3, 6.5, 11, 4, 8, 4.1 ),
('Chợ Đông Ba',16.4725693, 107.5863292, 6, 8.2, 11, 2, 7, 4.3),
('Đại Nội Huế', 16.4684685, 107.5764258, 3, 8.9, 32, 3, 8, 4.9),
('Bàn Nà Hills', 15.9977403, 107.9858885, 3, 8.9, 35, 2, 8, 4.8),
('Cầu Vàng', 15.9966746, 107.9937995, 3, 5.1, 29, 4, 7, 4.3),
('Công Viên Thần Tài',15.9678684, 108.0111086, 3, 6.5, 16, 2, 6, 3.5),
('Hòa Phú Thành',15.9542151, 107.9800693, 3, 6.1, 17, 2, 6, 3.2),
('Suối Thần Tài',15.9678684, 108.0111086, 3, 5.8, 9, 2, 5, 3.1),
('Cù Lao Tràm',15.950988, 108.4770504, 3, 7.9, 15, 3, 8, 4.7),
('Phố Cổ Hội An',15.8782281, 108.3260264, 3, 7.3, 34, 2, 8, 4.4),
('Biển Hà My',15.9238768, 108.3173402, 5, 5.5, 15, 4, 7, 4.1 ),
('Đồi chè Đông Giang',15.9588311, 107.9325013, 3, 8.2, 11, 2, 7, 3.3),
('Thánh Địa Mỹ Sơn', 15.7641085, 108.1220657, 3, 8.9, 22, 3, 8, 3.9),
('Biển Mỹ Khê',16.0639257, 108.2379384, 5, 6.9, 15, 3, 7, 3.3),
('Thác Trắng',14.9065779, 108.6565554, 3, 7.3, 24, 2, 8, 3.1),
('Đảo Lý Sơn',15.3806986, 109.1030679, 5, 6.5, 11, 3, 8, 3.7 ),
('Đèo Nai',14.8768358, 108.6066181, 3, 7.2, 23, 2, 6, 4.2),
('Biển Khe Hai',15.3964255, 108.7411607, 5, 6.9, 12, 3, 7, 3.5),
('Cù Lao Xanh',13.6200653, 109.3330083, 3, 6.9, 15, 2, 7, 3.8),
('Tháp Đôi',13.6204009, 109.2104293, 2, 5.1, 19, 4, 6, 3.3),
('Eo Gió',13.8857052, 109.2888467, 5, 8.5, 16, 2, 6, 3.5),
('Biển Quy Nhơn',13.7585901, 109.210595, 5, 6.1, 17, 3, 6, 3.2),
('Kỳ Co',13.758788, 109.1580637, 5, 6.8, 6, 2, 5, 3.4),
('Bãi Môn',12.8978415, 109.4498594, 5, 6.1, 13, 3, 6, 4.3),
('Gành Đá Dĩa',12.8978415, 109.4498594, 5, 6.3, 14, 2, 8, 3.3),
('Bãi Xép',13.1908157, 109.2997548, 5, 6.5, 11, 3, 8, 4.1 ),
('Đập Tam Giang',13.3321455, 109.2155868, 3, 6.2, 13, 2, 6, 3.9),
('Vịnh Xuân Đài',13.4248819, 109.1861715, 5, 6.9, 12, 3, 7, 3.2),
('Khu du lịch Vinpearl Land',12.2162344, 109.2391527, 3, 6.1, 18, 2, 8, 3.6),
('Viện Hải dương học Nha Trang', 12.2080692, 108.9344571, 3, 5.2, 14, 4, 6, 3.3),
('Hòn Mun', 12.1667613, 109.2982489, 5, 9.5, 20, 2, 6, 4.1),
('Bãi biển Đại Lãnh',12.8274117, 109.3549484, 5, 6.2, 13, 3, 5, 3.2),
('Tháp Bà Po Nagar',12.2653933, 109.1932058, 2, 6.8, 5, 2, 5, 3.1),
('Vịnh Vĩnh Hy',11.7170556, 109.190702, 5, 6.9, 18, 2, 7, 3.3),
('Hang Rái',11.6797414, 109.175684, 5, 5.8, 10, 3, 6, 3.3),
('Hòn Đỏ',11.5682079, 109.1260369, 5, 8.5, 16, 2, 6, 3.5),
('Đồng cừu An Hòa',11.6531148, 108.9718405, 3, 5.1, 10, 3, 6, 3.2),
('Làng gốm Bàu Trúc',11.5331147, 108.9287543, 3, 5.8, 7, 2, 6, 4.4),
('Cù Lao Câu',11.2267235, 108.8230476, 5, 8.1, 11, 4, 8, 4.1),
('Đảo Phú Qúy',10.5182735, 108.910989, 5, 5.7, 9, 3, 7, 4.1),
('Mũi Kê Gà',10.6994305, 107.9907875, 5, 8.5, 16, 2, 6, 4.1),
('Biển Cố Thạch',11.1766665, 108.711771, 5, 7.5, 8, 2, 5, 3.2),
('Núi Tà Cú',10.8280768, 107.8740232, 3, 6.1, 10, 4, 5, 4.1),
('Tượng chúa Giêsu Kito Vua',10.3264473, 107.0823458, 2, 8.1, 21, 4, 8, 3.2),
('Biển Long Hải',10.3855663, 107.2305247, 5, 5.5, 29, 3, 7, 4.2),
('Hải đăng Vũng Tàu',10.3339519, 107.0754548, 3, 6.5, 30, 2, 7, 3.4),
('Mũi Nghinh Phong',22.7658474, 104.1102031, 5, 7.3, 24, 3, 8, 4.2),
('Hòn Bà',22.4525539, 104.2446904, 5, 7.5, 28, 2, 5, 4.1),
('Khu Du Lịch Bửu Long',10.9609074, 106.7886508, 3, 8.1, 21, 3, 6, 3.8),
('Làng Du lịch Tre Việt',10.7405144, 106.7880176, 3, 5.5, 4.9, 3, 7, 3.1),
('Thác Đá Hàn',10.9903435, 107.0124904, 3, 7.5, 16, 2, 5, 3.5),
('Bò Cạp Vàng',10.6596609, 106.853965, 3, 7.3, 10, 3, 8, 4.1),
('Thác Mai',11.0546885, 107.3982638, 3, 6.8, 26, 4, 8, 4.2),
('Trảng cỏ Bù Lạch',11.8103742, 107.3493647, 3, 8.9, 15, 2, 7, 3.8),
('Vườn quốc gia Bù Gia Mập',12.128742, 107.1900316, 3, 5.1, 29, 4, 7, 4.3),
('Hồ suối giai',11.417726, 106.7946427, 3, 5.5, 16, 2, 6, 3.5),
('Rừng cao su Bình Phước',11.0306309, 106.5307115, 3, 6.1, 17, 2, 6, 3.2),
('Hồ Suối Lam',11.4472325, 107.372898, 3, 5.8, 9, 2, 5, 3.1),
('Hồ Dầu Tiếng',11.4490556, 106.1818063, 3, 8.1, 21, 4, 8, 3.2),
('Khu du lịch Ma Thiên Lãnh',11.3719846, 106.1153676, 3, 5.5, 29, 3, 7, 4.2),
('Núi Bà Đen',11.3866418, 106.1542365, 2, 7.5, 30, 2, 7, 3.5),
('Tòa thánh Tây Ninh',11.3039103, 106.1308366, 3, 7.3, 10, 3, 6, 3.1),
('Tháp cổ Bình Thạnh',11.0188234, 106.217038, 2, 6.5, 12, 4, 7, 4.5),
('Khu di chỉ Óc Eo',10.2461207, 105.1522198, 3, 7.9, 25, 3, 8, 4.3),
('Rừng tràm Trà Sư',10.5837193, 105.0598097, 3, 7.3, 24, 2, 8, 3.1),
('Búng Bình Thiên',10.9210963, 105.063765, 3, 6.5, 11, 4, 8, 3.9 ),
('Chợ Tịnh Biên',10.6116272, 104.9553833, 6, 8.2, 11, 2, 7, 3.5),
('Núi Cô Tô',10.3794686, 104.9683568, 3, 7.9, 12, 3, 7, 3.6);

-- --------------------------------------------------------

--
-- Cấu trúc bảng cho bảng `loaihinh`
--

CREATE TABLE `loaihinh` (
  `ID` int(11) NOT NULL,
  `Loai_hinh` varchar(50) CHARACTER SET utf8 COLLATE utf8_bin NOT NULL
) ENGINE=InnoDB DEFAULT CHARSET=latin1;

--
-- Đang đổ dữ liệu cho bảng `loaihinh`
--

INSERT INTO `loaihinh` (`ID`, `Loai_hinh`) VALUES
(1, 'Thám hiểm'),
(2, 'Tâm linh'),
(3, 'Tham quan'),
(5,'Tắm biển'),
(6,'Du lịch ẩm thực');


-- --------------------------------------------------------

--
-- Cấu trúc bảng cho bảng `xuatphat`
--

CREATE TABLE `xuatphat` (
  `ID` int(11) NOT NULL,
  `Ten` varchar(50) CHARACTER SET utf8 COLLATE utf8_vietnamese_ci NOT NULL,
  `Vi_do` float NOT NULL,
  `Kinh_do` float NOT NULL
) ENGINE=InnoDB DEFAULT CHARSET=latin1;

--
-- Đang đổ dữ liệu cho bảng `xuatphat`
--

INSERT INTO `xuatphat` (`ID`, `Ten`, `Vi_do`, `Kinh_do`) VALUES
(1, 'Ấp Tân Ngãi (Bến Tre)', 10.2333, 106.283),
(2, 'Bắc Giang (Bắc Giang)', 21.2731, 106.195),
(3, 'Bắc Kạn (Bắc Kạn)', 22.147, 105.835),
(4, 'Bắc Ninh (Bắc Ninh)', 21.1861, 106.076),
(5, 'Bảo Lộc (Lâm Đồng)', 11.548, 107.808),
(6, 'Bến Tre (Bến Tre)', 10.2415, 106.376),
(7, 'Biên Hòa (Đồng Nai)', 10.9447, 106.824),
(8, 'Bỉm Sơn (Thanh Hóa) ', 20.0781, 105.86),
(9, 'Bình Long (Bình Phước)', 11.6471, 106.606),
(10, 'Buôn Ma Thuột (Ðắc Lắk) ', 12.6675, 108.038),
(11, 'Cà Mau (Cà Mau) ', 9.17682, 105.152),
(12, 'Cẩm Phả Mines (Quảng Ninh)', 21.0167, 107.3),
(13, 'Cam Ranh (Khánh Hòa)', 11.9214, 109.159),
(14, 'Cần Giờ (Ho Chi Minh City)', 10.4111, 106.955),
(15, 'Cần Giuộc (Long An)', 10.6086, 106.671),
(16, 'Cần Thơ (Cần Thơ)', 10.0371, 105.788),
(17, 'Cao Lãnh (Đồng Tháp)', 10.4602, 105.633),
(18, 'Cát Bà (Hải Phòng)', 20.7278, 107.048),
(19, 'Cho Dok (An Giang) ', 10.7, 105.117),
(20, 'Củ Chi (Ho Chi Minh City)', 10.9733, 106.493),
(21, 'Ðà Lạt (Lâm Đồng) ', 11.9465, 108.442),
(22, 'Da Nang (Đà Nẵng)', 16.0678, 108.221),
(23, 'Dien Bien Phu (Huyện Ðiện Biên)', 21.386, 103.023),
(24, 'Don Luan (Bình Phước)', 11.535, 106.883),
(25, 'Ðông Hà (Quảng Trị)', 16.8162, 107.1),
(26, 'Dương Đông (Kiến Giang)', 10.2172, 103.959),
(27, 'Gia Nghĩa (Ðắk Nông) ', 12.0042, 107.691),
(28, 'Đinh Văn (Lâm Đồng)', 11.7862, 108.243),
(29, 'Hà Đông (Ha Nội) ', 20.9714, 105.779),
(30, 'Hà Tiên (Kiến Giang)', 10.3831, 104.488),
(31, 'Hà Tĩnh (Hà Tĩnh)', 18.3428, 105.906),
(32, 'Haiphong (Hải Phòng) ', 20.8648, 106.683),
(33, 'Hanoi (Ha Nội) ', 21.0245, 105.841),
(34, 'Ho Chi Minh City (Ho Chi Minh City) ', 10.823, 106.63),
(35, 'Hội An (Quảng Nam)', 15.8794, 108.335),
(36, 'Huế (Thừa Thiên-Huế)', 16.4619, 107.595),
(37, 'Hưng Yên (Hưng Yên)', 20.6464, 106.051),
(38, 'Kon Tum (Kon Tum)', 14.3545, 108.008),
(39, 'Kwang Binh (Quảng Bình)', 17.4688, 106.622),
(40, 'La Gi (Bình Thuận)', 10.6599, 107.772),
(41, 'Lai Châu (Lai Châu)', 22.3964, 103.458),
(42, 'Lào Cai (Lào Cai)', 22.4856, 103.971),
(43, 'Long Xuyên (An Giang)', 10.3864, 105.435),
(44, 'Móng Cái (Quảng Ninh)', 21.5247, 107.966),
(45, 'Mỹ Tho (Tiền Giang)', 10.36, 106.36),
(46, 'Nha Trang (Khánh Hòa)', 12.2451, 109.194),
(47, 'Phan Rang-Tháp Chàm (Ninh Thuận) ', 11.5643, 108.989),
(48, 'Phan Thiết (Bình Thuận) ', 10.9289, 108.102),
(49, 'Phú Khương (Tây Ninh)', 11.2833, 106.133),
(50, 'Pleiku (Gia Lai)', 13.9833, 108),
(51, 'Quảng Ngãi (Quảng Ngãi)', 15.1205, 108.792),
(52, 'Qui Nhon (Bình Định)', 13.7765, 109.224),
(53, 'Rạch Giá (Kiến Giang)', 10.0125, 105.081),
(54, 'Sa Pá (Lào Cai)', 22.3402, 103.844),
(55, 'Sadek (Đồng Tháp)', 10.2908, 105.756),
(56, 'Sóc Trăng (Sóc Trăng)', 9.59995, 105.972),
(57, 'Sơn La (Sơn La)', 21.3256, 103.919),
(58, 'Sơn Tây (Ha Nội)', 21.1405, 105.507),
(59, 'Sông Cầu (Phú Yên)', 13.4556, 109.223),
(60, 'Tam Kỳ (Quảng Nam)', 15.5736, 108.474),
(61, 'Tân An (Long An)', 10.5359, 106.414),
(62, 'Tây Ninh (Tây Ninh)', 11.31, 106.098),
(63, 'Thanh Hóa (Thanh Hóa) ', 19.8, 105.767),
(64, 'Thành Phố Bà Rịa (Bà Rịa-Vũng Tàu)', 10.4963, 107.168),
(65, 'Thành phố Bạc Liêu (Bạc Liêu) ', 9.29414, 105.728),
(66, 'Thành Phố Cao Bằng (Cao Bằng) ', 22.6657, 106.258),
(67, 'Thành Phố Hà Giang (Hà Giang)', 22.8233, 104.984),
(68, 'Thành Phố Hạ Long (Quảng Ninh)', 20.9505, 107.073),
(69, 'Thành Phố Hải Dương (Hải Dương)', 20.941, 106.333),
(70, 'Thành Phố Hòa Bình (Hòa Bình)', 20.8172, 105.338),
(71, 'Thành Phố Lạng Sơn (Lạng Sơn)', 21.8526, 106.761),
(72, 'Thành Phố Nam Định (Nam Định)', 20.4339, 106.177),
(73, 'Thành Phố Ninh Bình (Ninh Bình)', 20.2581, 105.98),
(74, 'Thành Phố Phủ Lý (Hà Nam)', 20.5453, 105.912),
(75, 'Thành Phố Thái Bình (Thái Bình)', 20.45, 106.34),
(76, 'Thành Phố Thái Nguyên (Thái Nguyên)', 21.5942, 105.848),
(77, 'Thành Phố Tuyên Quang (Tuyên Quang)', 21.8236, 105.214),
(78, 'Thành Phố Uông Bí (Quảng Ninh)', 21.0343, 106.77),
(79, 'Thủ Dầu Một (Bình Dương)', 10.9804, 106.652),
(80, 'Trà Vinh (Trà Vinh)', 9.94719, 106.342),
(81, 'Tuy Hòa (Phú Yên)', 13.0955, 109.321),
(82, 'Vị Thanh (Hau Giang)', 9.78449, 105.47),
(83, 'Việt Trì (Phú Thọ)', 21.3227, 105.402),
(84, 'Vinh (Nghệ An)', 18.6734, 105.692),
(85, 'Vĩnh Long (Vĩnh Long)', 10.2537, 105.972),
(86, 'Vĩnh Yên (Vĩnh Phúc)', 21.3089, 105.605),
(87, 'Vũng Tàu (Bà Rịa-Vũng Tàu) ', 10.346, 107.084),
(88, 'Yên Bái (Yên Bái)', 21.7229, 104.911),
(89, 'Yên Vinh (Nghệ An) ', 18.6667, 105.667);

--
-- Chỉ mục cho các bảng đã đổ
--

--
-- Chỉ mục cho bảng `datadulich`
--
ALTER TABLE `datadulich`
  ADD PRIMARY KEY (`Dia_diem`),
  ADD KEY `job_ibfk_1` (`Loai_Hinh`);

--
-- Chỉ mục cho bảng `loaihinh`
--
ALTER TABLE `loaihinh`
  ADD PRIMARY KEY (`ID`);

--
-- Chỉ mục cho bảng `xuatphat`
--
ALTER TABLE `xuatphat`
  ADD PRIMARY KEY (`ID`);

--
-- AUTO_INCREMENT cho các bảng đã đổ
--

--
-- AUTO_INCREMENT cho bảng `xuatphat`
--
ALTER TABLE `xuatphat`
  MODIFY `ID` int(11) NOT NULL AUTO_INCREMENT, AUTO_INCREMENT=90;

--
-- Các ràng buộc cho các bảng đã đổ
--

--
-- Các ràng buộc cho bảng `datadulich`
--
ALTER TABLE `datadulich`
  ADD CONSTRAINT `job_ibfk_1` FOREIGN KEY (`Loai_Hinh`) REFERENCES `loaihinh` (`ID`);
COMMIT;

/*!40101 SET CHARACTER_SET_CLIENT=@OLD_CHARACTER_SET_CLIENT */;
/*!40101 SET CHARACTER_SET_RESULTS=@OLD_CHARACTER_SET_RESULTS */;
/*!40101 SET COLLATION_CONNECTION=@OLD_COLLATION_CONNECTION */;
