-- phpMyAdmin SQL Dump
-- version 4.8.3
-- https://www.phpmyadmin.net/
--
-- Máy chủ: 127.0.0.1
-- Thời gian đã tạo: Th5 22, 2019 lúc 05:30 PM
-- Phiên bản máy phục vụ: 10.1.36-MariaDB
-- Phiên bản PHP: 7.2.11

SET SQL_MODE = "NO_AUTO_VALUE_ON_ZERO";
SET AUTOCOMMIT = 0;
START TRANSACTION;
SET time_zone = "+00:00";


/*!40101 SET @OLD_CHARACTER_SET_CLIENT=@@CHARACTER_SET_CLIENT */;
/*!40101 SET @OLD_CHARACTER_SET_RESULTS=@@CHARACTER_SET_RESULTS */;
/*!40101 SET @OLD_COLLATION_CONNECTION=@@COLLATION_CONNECTION */;
/*!40101 SET NAMES utf8mb4 */;

--
-- Cơ sở dữ liệu: `dss`
--

-- --------------------------------------------------------

--
-- Cấu trúc bảng cho bảng `datadulich`
--

CREATE TABLE `datadulich` (
  `Dia_diem` varchar(50) CHARACTER SET utf8 COLLATE utf8_bin NOT NULL,
  `Vi_do` float NOT NULL,
  `Kinh_do` float NOT NULL,
  `Loai_Hinh` int(11) NOT NULL,
  `CLDV` float NOT NULL,
  `Chi_phi` int(11) NOT NULL,
  `Khach_san` int(11) NOT NULL,
  `Do_an` int(11) NOT NULL,
  `Review` float NOT NULL
) ENGINE=InnoDB DEFAULT CHARSET=latin1;

--
-- Đang đổ dữ liệu cho bảng `datadulich`
--

INSERT INTO `datadulich` (`Dia_diem`, `Vi_do`, `Kinh_do`, `Loai_Hinh`, `CLDV`, `Chi_phi`, `Khach_san`, `Do_an`, `Review`) VALUES
(' Cánh đồng Mường Lò', 21.5954, 104.512, 3, 6.1, 35, 3, 7, 4),
(' Khu di tích Pác Pó', 22.9797, 106.051, 3, 7.1, 40, 3, 8, 4),
('Ao Bà Om', 9.91762, 106.303, 3, 7.2, 22, 4, 6, 3.1),
('Ao Tiên', 22.4479, 105.615, 3, 7.1, 11, 4, 5, 4.5),
('Biển Cố Thạch', 11.1767, 108.712, 5, 7.5, 8, 2, 5, 3.2),
('Biển Cửa Hội', 18.6607, 105.68, 5, 6.5, 42, 4, 8, 3.8),
('Biển Cửa Lò', 18.7943, 105.706, 5, 7.9, 15, 3, 6, 3.7),
('Biển Hoành Sơn', 18.2608, 105.806, 5, 8.1, 11, 4, 8, 4.8),
('Biển Hà My', 15.9239, 108.317, 5, 5.5, 15, 4, 7, 4.1),
('Biển Hải Tiến', 19.8471, 105.93, 5, 8.5, 56, 2, 7, 4.5),
('Biển Hồ', 14.0671, 107.985, 3, 7.1, 11, 4, 10, 3.1),
('Biển Hồ Chè', 14.0644, 108.012, 3, 8.2, 35, 4, 7, 4.1),
('Biển Khe Hai', 15.3964, 108.741, 5, 6.9, 12, 3, 7, 3.5),
('Biển Long Hải', 10.3856, 107.231, 5, 5.5, 29, 3, 7, 4.2),
('Biển Mỹ Khê', 16.0639, 108.238, 5, 6.9, 15, 3, 7, 3.3),
('Biển Quy Nhơn', 13.7586, 109.211, 5, 6.1, 17, 3, 6, 3.2),
('Biển Thiên Cầm', 18.2733, 106.096, 5, 6.8, 9, 4, 8, 3.5),
('Biển Tân Thành', 10.3371, 106.707, 3, 8.8, 12, 3, 7, 3.5),
('Biển Đá Nhảy', 17.6595, 106.513, 5, 6.5, 10, 4, 8, 3.8),
('Buôn Đôn', 12.879, 107.477, 1, 8.2, 12, 2, 5, 4.8),
('Bàn Nà Hills', 15.9977, 107.986, 3, 8.9, 35, 2, 8, 4.8),
('Bãi Cháy', 21.8556, 106.745, 5, 8.5, 15, 3, 8, 3.5),
('Bãi Môn', 12.8978, 109.45, 5, 6.1, 13, 3, 6, 4.3),
('Bãi Xép', 13.1908, 109.3, 5, 6.5, 11, 3, 8, 4.1),
('Bãi biển Ba Động', 9.62292, 106.559, 5, 8.8, 62, 3, 7, 3.5),
('Bãi biển Đại Lãnh', 12.8274, 109.355, 5, 6.2, 13, 3, 5, 3.2),
('Bãi biển Đồ Sơn', 20.6873, 106.787, 5, 8.5, 50, 3, 6, 3.3),
('Bãi biển Đồng Châu', 20.3946, 106.583, 5, 5.5, 5, 2, 5, 3),
('Bò Cạp Vàng', 10.6597, 106.854, 3, 7.3, 10, 3, 8, 4.1),
('Búng Bình Thiên', 10.9211, 105.064, 3, 6.5, 11, 4, 8, 3.9),
('Bản Hon', 22.3071, 103.489, 3, 6.8, 40, 2, 6, 3.1),
('Bản Lìm Mông', 21.7791, 104.267, 3, 6.8, 80, 2, 9, 3.1),
('Bản nà Luông', 22.2732, 103.643, 3, 5.3, 50, 2, 7, 3.5),
('Bảo Tàng Chiến Thắng Điện Biên Phủ', 21.3808, 103.013, 3, 7.9, 12, 4, 6, 4.8),
('Bảo tàng Khmer', 9.76294, 106.081, 3, 9.1, 9, 5, 5, 3.9),
('Bến Ninh Kiều', 10.0671, 105.715, 3, 7.2, 10, 4, 6, 3.1),
('Cao nguyên Mộc Châu', 20.8293, 104.699, 3, 5.5, 10, 2, 5, 3.9),
('Cao nguyên đá Đồng Văn', 23.2603, 105.255, 3, 7.1, 80, 3, 8, 4),
('Chùa Bái Đính', 20.2762, 105.863, 2, 9.8, 55, 3, 7, 4.3),
('Chùa Bà Đanh', 20.5691, 105.851, 2, 7.5, 22, 3, 8, 3.3),
('Chùa Chén Kiểu', 9.53803, 105.918, 2, 9.5, 8, 4, 8, 4.7),
('Chùa Cò', 9.64451, 106.301, 2, 6.9, 5, 3, 9, 5),
('Chùa Côn Sơn', 21.1506, 106.38, 2, 5.5, 5, 3, 6, 3.3),
('Chùa Dâu', 21.0356, 106.04, 2, 8.1, 21, 4, 6, 4.1),
('Chùa Dơi', 9.57896, 105.97, 2, 8.8, 19, 3, 7, 3.5),
('Chùa Hang ', 9.88706, 106.343, 2, 9.5, 8, 4, 8, 4.7),
('Chùa Hang (Hải phòng)', 21.6281, 105.815, 2, 9.3, 53, 3, 9, 4.3),
('Chùa Hương Tích', 18.5341, 105.787, 2, 7.5, 8, 2, 7, 4.2),
('Chùa Hội Khánh', 10.9817, 106.657, 2, 8.1, 15, 4, 8, 4.2),
('Chùa Keo', 20.3609, 106.295, 2, 6.2, 8, 4, 5, 3.4),
('Chùa Linh Quy Pháp Ẩn', 11.4167, 107.82, 2, 8.5, 15, 4, 8, 4.2),
('Chùa Minh Thành', 13.9789, 108.004, 2, 8.6, 55, 2, 9, 4.7),
('Chùa Nam Nhã', 10.0722, 105.752, 2, 9.1, 9, 5, 5, 3.9),
('Chùa Phật Tích Trúc Lâm Bản Giốc', 22.8508, 106.721, 2, 5.5, 60, 2, 8, 3.7),
('Chùa Tam Thanh', 21.8556, 106.745, 2, 8.5, 30, 2, 9, 3.5),
('Chùa Vĩnh Tràng', 10.3621, 106.371, 2, 7.2, 21, 4, 6, 3.1),
('Chùa sắc tứ Khải Đoan', 12.682, 108.037, 2, 5.2, 37, 4, 7, 4.1),
('Chùa Đất Sét', 9.61413, 105.978, 2, 6.7, 18, 3, 9, 4),
('Chợ Bến Thành', 10.7726, 106.696, 6, 6.6, 5, 3, 10, 4.1),
('Chợ Tịnh Biên', 10.6116, 104.955, 6, 8.2, 11, 2, 7, 3.5),
('Chợ Viềng', 20.3369, 106.178, 3, 8.5, 40, 3, 5, 4.4),
('Chợ cổ Cần Thơ', 10.0673, 105.715, 3, 9.5, 8, 4, 8, 4.7),
('Chợ nổi Cái Bè', 10.3324, 106.033, 6, 9.5, 15, 4, 8, 4.9),
('Chợ nổi Cái Răng', 10.0042, 105.743, 6, 6.7, 18, 3, 9, 4),
('Chợ nổi ngã bảy', 9.72076, 105.553, 6, 6.9, 5, 3, 6, 5),
('Chợ Đông Ba', 16.4726, 107.586, 6, 8.2, 11, 2, 7, 4.3),
('Cây đa Tân Trào', 21.7754, 105.475, 3, 6.9, 15, 3, 9, 3.9),
('Công Viên Thần Tài', 15.9679, 108.011, 3, 6.5, 16, 2, 6, 3.5),
('Công viên Thành phố mới Bình Dương', 11.0515, 106.676, 3, 9.6, 5, 3, 7, 4.1),
('Cố đô Hoa Lư', 20.2501, 105.862, 2, 5.2, 15, 3, 8, 4.2),
('Cù Lao Câu', 11.2267, 108.823, 5, 8.1, 11, 4, 8, 4.1),
('Cù Lao Thới Sơn', 10.3324, 106.313, 1, 6.6, 5, 3, 6, 5),
('Cù Lao Tràm', 15.951, 108.477, 3, 7.9, 15, 3, 8, 4.7),
('Cù Lao Xanh', 13.6201, 109.333, 3, 6.9, 15, 2, 7, 3.8),
('Căn cứ Bà Bái', 9.73501, 105.625, 3, 7.2, 22, 4, 6, 3.1),
('Cảng biển Tân Lập', 10.5327, 106.737, 3, 7.2, 11, 4, 6, 4.1),
('Cầu Vàng', 15.9967, 107.994, 3, 5.1, 29, 4, 7, 4.3),
('Cầu treo Kon Klor', 14.3473, 108.033, 1, 8.2, 25, 4, 7, 4.1),
('Cồn Mỹ Phước', 9.79299, 106.026, 2, 9.1, 9, 5, 5, 3.9),
('Cồn Quy', 10.3338, 106.377, 3, 8.8, 12, 3, 7, 3.2),
('Cột cờ Lũng Cú', 23.3638, 105.314, 3, 8, 60, 3, 7, 4.5),
('Cửu thác Tú Sơn', 20.7099, 105.416, 3, 5.5, 6, 3, 8, 3.5),
('Di tích nhà tù Sơn La', 21.3307, 103.906, 3, 6.1, 10, 3, 8, 4),
('Dinh Thự họ Vương', 23.2564, 105.26, 3, 6.8, 55, 3, 6, 3.2),
('Dinh Độc Lập', 10.7777, 106.695, 2, 8.8, 12, 3, 7, 4.5),
('Eo Gió', 13.8857, 109.289, 5, 8.5, 16, 2, 6, 3.5),
('Giếng Ngọc', 21.0749, 106.414, 2, 6.1, 24, 3, 6, 4.1),
('Gành Đá Dĩa', 12.8978, 109.45, 5, 6.3, 14, 2, 8, 3.3),
('Hang Dơi', 20.8501, 104.637, 1, 6.3, 50, 3, 8, 3.9),
('Hang Lạng', 21.1103, 104.953, 1, 8.3, 13, 2, 5, 3.3),
('Hang Phượng Hoàng', 21.7795, 106.116, 3, 8.8, 10, 3, 6, 3.3),
('Hang Rái', 11.6797, 109.176, 5, 5.8, 10, 3, 6, 3.3),
('Hang đá Đăk Tuar', 12.7887, 107.679, 1, 7.7, 31, 2, 7, 3.4),
('Hang động Chư Bluk', 12.4932, 107.913, 1, 7.2, 21, 4, 7, 3.1),
('Hoàng thành Thăng Long', 21.0335, 105.837, 2, 5.3, 10, 3, 8, 3.3),
('Hòa Phú Thành', 15.9542, 107.98, 3, 6.1, 17, 2, 6, 3.2),
('Hòn Bà', 22.4526, 104.245, 5, 7.5, 28, 2, 5, 4.1),
('Hòn Mun', 12.1668, 109.298, 5, 9.5, 20, 2, 6, 4.1),
('Hòn Trống Mái', 19.7265, 105.89, 3, 5.5, 5, 3, 7, 3.8),
('Hòn Đỏ', 11.5682, 109.126, 5, 8.5, 16, 2, 6, 3.5),
('Hải đăng Vũng Tàu', 10.334, 107.075, 3, 6.5, 30, 2, 7, 3.4),
('Hầm Đờ Cát', 21.3849, 103.008, 3, 7.3, 20, 3, 8, 4.1),
('Hồ Ba Bể', 23.1673, 105.052, 3, 7.8, 22, 3, 8, 3.9),
('Hồ Bán Nguyệt', 20.644, 106.052, 3, 9.5, 45, 3, 5, 4.7),
('Hồ Dầu Tiếng', 11.4491, 106.182, 3, 8.1, 21, 4, 8, 3.2),
('Hồ Ea Snô', 12.438, 107.907, 3, 8.6, 15, 2, 8, 4.2),
('Hồ Gươm', 21.0288, 105.85, 3, 8.6, 7, 4, 8, 4.5),
('Hồ Ly ', 21.3218, 105.002, 3, 5.5, 11, 3, 6, 4.2),
('Hồ Suối Lam', 11.4472, 107.373, 3, 5.8, 9, 2, 5, 3.1),
('Hồ Suối Lạnh', 21.407, 105.762, 3, 7.6, 5, 3, 8, 4.5),
('Hồ Thang Hen', 22.759, 106.292, 3, 8, 60, 3, 5, 4.5),
('Hồ Thác Bà', 21.7272, 105.013, 3, 7.9, 30, 4, 7, 3.9),
('Hồ Tiền Phong', 21.2099, 104.048, 3, 5.8, 20, 2, 6, 3.1),
('Hồ Tuyền Lâm', 11.8892, 108.407, 3, 6.8, 22, 3, 7, 4.5),
('Hồ suối giai', 11.4177, 106.795, 3, 5.5, 16, 2, 6, 3.5),
('Hồ Đại Lải', 21.3282, 105.7, 3, 6.1, 10, 3, 5, 4.5),
('Khe Sanh', 16.6219, 106.696, 3, 5.1, 9, 3, 7, 3.3),
('Khu Du Lịch Bửu Long', 10.9609, 106.789, 3, 8.1, 21, 3, 6, 3.8),
('Khu bảo tồn Tây Yên Tử', 21.1764, 106.708, 1, 7.1, 11, 2, 7, 4.1),
('Khu bảo tồn thiên nhiên Lung Ngọc Hoàng', 9.72037, 105.658, 3, 9.5, 8, 4, 8, 4.7),
('Khu bảo tồn thiên nhiên Tà Đùng', 11.8661, 107.972, 1, 7.7, 21, 2, 7, 3.4),
('Khu di chỉ Óc Eo', 10.2461, 105.152, 3, 7.9, 25, 3, 8, 4.3),
('Khu di tích Phủ Dầy', 20.3545, 106.079, 3, 7.2, 45, 3, 9, 4.1),
('Khu di tích Xẻo Quýt', 10.3979, 105.803, 3, 8.4, 62, 3, 7, 4.5),
('Khu di tích đền Hùng', 21.3766, 105.304, 2, 9.8, 10, 4, 9, 3.3),
('Khu du lịch Ma Thiên Lãnh', 11.372, 106.115, 3, 5.5, 29, 3, 7, 4.2),
('Khu du lịch Thủy Châu', 10.9005, 106.816, 3, 8.8, 92, 5, 7, 4.5),
('Khu du lịch Vinpearl Land', 12.2162, 109.239, 3, 6.1, 18, 2, 8, 3.6),
('Khu du lịch sinh thái Cồn Đen', 20.4878, 106.602, 3, 6.1, 44, 3, 7, 4.1),
('Khu du lịch sinh thái Gáo Giồng', 10.5886, 105.61, 3, 7.2, 8, 4, 6, 4.1),
('Khu du lịch sinh thái Hàm Yên', 22.0942, 104.725, 3, 8, 23, 3, 6, 3.2),
('Khu du lịch sinh thái Nà Hàng', 22.38, 105.5, 3, 6.8, 37, 2, 9, 3.1),
('Khu du lịch sinh thái Tam Chúc', 20.5639, 105.81, 3, 7.1, 15, 3, 7, 4.3),
('Khu du lịch sinh thái Tây Đô', 9.94892, 105.756, 3, 8.8, 12, 3, 7, 3.5),
('Khu lăng mộ Nguyễn Đình Chiểu', 10.037, 106.58, 2, 7.2, 14, 4, 6, 3.1),
('Khu sinh thái Cát Bà', 20.6874, 106.76, 3, 9.1, 84, 3, 6, 4.1),
('Khu văn hóa lịch sử Long Mỹ', 9.72377, 105.132, 2, 9.9, 9, 5, 7, 3.9),
('Kỳ Co', 13.7588, 109.158, 5, 6.8, 6, 2, 5, 3.4),
('Làng Du lịch Tre Việt', 10.7405, 106.788, 3, 5.5, 5, 3, 7, 3.1),
('Làng Nôm', 20.9935, 106.082, 3, 6.1, 15, 3, 7, 4.3),
('Làng Sen', 18.6752, 105.554, 3, 8.5, 15, 4, 5, 4.9),
('Làng Thổ Hà', 21.2033, 106.04, 3, 7.1, 18, 3, 6, 4.3),
('Làng Tre Phú An', 11.0655, 106.583, 3, 5.7, 10, 3, 7, 4.4),
('Làng du kích Đồng Khởi', 10.0656, 106.141, 3, 5.5, 15, 4, 8, 4.9),
('Làng dệt chiếu Hới', 20.6278, 106.153, 3, 8.3, 25, 3, 8, 4.3),
('Làng gốm Bàu Trúc', 11.5331, 108.929, 3, 5.8, 7, 2, 6, 4.4),
('Làng gốm Hương Canh', 21.2737, 105.646, 3, 6.3, 8, 2, 9, 3.3),
('Làng gốm Phù Lãng', 21.1514, 106.254, 3, 8.2, 18, 3, 7, 3.4),
('Làng hoa cảnh Cái Mơn', 10.2345, 106.202, 3, 6.1, 5, 3, 8, 5),
('Làng nổi Tân Lập', 10.7146, 105.986, 3, 8.5, 15, 4, 8, 4.2),
('Làng rối nước Thanh Hải', 20.8877, 106.399, 3, 5.1, 23, 3, 7, 4.3),
('Làng tranh Đông Hồ', 21.0691, 106.073, 3, 6.3, 14, 3, 5, 4.3),
('Làng trống Đọi Tam', 20.5897, 105.966, 3, 7.5, 47, 3, 5, 4.1),
('Mai Châu', 20.6811, 104.857, 3, 8.8, 9, 2, 8, 4.3),
('Mũi Kê Gà', 10.6994, 107.991, 5, 8.5, 16, 2, 6, 4.1),
('Mũi Nghinh Phong', 22.7658, 104.11, 5, 7.3, 24, 3, 8, 4.2),
('Mẫu Sơn', 21.85, 106.958, 1, 7.9, 24, 4, 7, 3.7),
('Nghĩa Trang Liệt Sỹ Trường Sơn', 16.9578, 106.953, 2, 7.1, 18, 2, 7, 3.2),
('Ngã Ba Đồng Lập', 18.4015, 105.735, 3, 5.5, 9, 3, 7, 4.3),
('Nhà Rông Kon Klor', 14.3483, 108.032, 3, 5.5, 41, 4, 5, 3.4),
('Nhà Thờ Gỗ', 14.3454, 108.011, 3, 5.1, 52, 2, 5, 3.8),
('Nhà Thờ Tam Tòa', 17.4749, 106.621, 2, 8.9, 12, 3, 8, 4.9),
('Nhà Thờ Đức Bà', 10.7798, 106.697, 2, 7.2, 21, 4, 6, 4.1),
('Nhà cổ Bình Thủy', 10.067, 105.747, 3, 8.8, 9, 3, 7, 3.5),
('Nhà cổ Huỳnh Thủy Lê', 10.294, 105.766, 3, 5.7, 12, 5, 8, 4.1),
('Nhà cổ trăm cột', 10.4827, 106.689, 3, 8, 22, 3, 7, 4.5),
('Nhà thờ Chánh tòa Phú Cường', 10.9816, 106.652, 2, 8.2, 15, 4, 6, 4.1),
('Nhà thờ lớn Hà Nội', 21.0287, 105.847, 3, 5.1, 20, 5, 6, 4.5),
('Nâm Nung', 12.3474, 107.731, 1, 8.2, 25, 2, 7, 4.1),
('Nùng Nàng', 22.3546, 103.417, 3, 6.1, 80, 3, 8, 4),
('Núi Bà Đen', 11.3866, 106.154, 2, 7.5, 30, 2, 7, 3.5),
('Núi Bạch Mã', 16.1667, 107.825, 3, 6.5, 11, 4, 8, 4.1),
('Núi Cô Tiên', 22.7658, 104.11, 3, 7.3, 50, 3, 8, 4.1),
('Núi Cô Tô', 10.3795, 104.968, 3, 7.9, 12, 3, 7, 3.6),
('Núi Hồng Lĩnh', 18.5441, 105.805, 3, 8.5, 16, 2, 7, 4.5),
('Núi Ngự Bình', 16.442, 107.593, 3, 7.3, 24, 2, 8, 3.4),
('Núi Quyết', 18.6483, 105.694, 3, 7.9, 5, 3, 6, 3.8),
('Núi Tà Cú', 10.8281, 107.874, 3, 6.1, 10, 4, 5, 4.1),
('Núi Yên Tử', 21.1331, 106.724, 2, 7.8, 25, 2, 8, 4.3),
('Phố Cổ Hội An', 15.8782, 108.326, 3, 7.3, 34, 2, 8, 4.4),
('Phố Hiến', 20.6657, 106.007, 3, 9.3, 8, 3, 7, 4.1),
('Phố Nối', 20.9309, 106.048, 3, 8.2, 55, 3, 8, 4.1),
('Phố đi bộ Nguyễn Huệ', 10.7741, 106.701, 3, 9.5, 15, 4, 8, 4.2),
('Quần thể danh thắng Tràng An', 20.2531, 105.917, 3, 9.5, 82, 3, 8, 3.8),
('Quảng trường Ba Đình – Lăng Bác', 21.0374, 105.834, 3, 9.9, 9, 3, 10, 4.9),
('Rừng cao su Bình Phước', 11.0306, 106.531, 3, 6.1, 17, 2, 6, 3.2),
('Rừng nguyên sinh Khe Rỗ', 21.34, 106.969, 1, 5.2, 60, 2, 5, 4.4),
('Rừng thông Yên Minh', 23.1673, 105.052, 3, 6.9, 50, 2, 7, 3.9),
('Rừng tràm Trà Sư', 10.5837, 105.06, 3, 7.3, 24, 2, 8, 3.1),
('Suối Cửa Tử', 21.6025, 105.531, 3, 6.1, 20, 2, 6, 4.5),
('Suối Giàng', 21.619, 104.563, 3, 8, 20, 3, 6, 3.2),
('Suối Thần Tài', 15.9679, 108.011, 3, 5.8, 9, 2, 5, 3.1),
('Suối Vàng', 22.3329, 103.841, 3, 7.5, 30, 2, 7, 3.5),
('Sì Thâu Chải', 22.3615, 103.599, 3, 7, 60, 3, 6, 3.9),
('Sông Hương', 16.4789, 107.525, 3, 7.9, 25, 3, 8, 4.7),
('Tam Cốc – Bích Động', 20.2125, 105.919, 3, 5.3, 71, 4, 5, 4.1),
('Tam Đảo', 21.4554, 105.447, 3, 9.5, 64, 3, 6, 4.2),
('Thiền viện Trúc Lâm Tây Thiên', 21.4658, 105.583, 2, 9.6, 5, 3, 7, 3.5),
('Thung Nai', 20.747, 105.196, 1, 7.5, 14, 3, 8, 4.2),
('Thung lũng Sủng Là', 23.245, 105.179, 1, 5.5, 70, 2, 7, 3.5),
('Thung lũng tình yêu', 11.9801, 108.448, 3, 9.7, 80, 5, 8, 4.4),
('Thành Bản Phủ', 21.316, 103.004, 3, 6.5, 10, 4, 8, 3.8),
('Thành Nhà Hồ', 20.0746, 105.604, 3, 8.1, 41, 4, 8, 3.8),
('Thành cổ Quảng Trị', 16.7538, 107.188, 3, 8.1, 15, 2, 5, 3.8),
('Thành cổ Xương Giang', 21.2913, 106.211, 2, 8.3, 14, 3, 7, 4.3),
('Thành nhà Mạc', 21.8571, 106.747, 3, 9.1, 10, 3, 5, 4.1),
('Thành phố Đồng Hới', 17.4545, 106.536, 3, 7.3, 24, 2, 8, 3.1),
('Thác Bản Giốc', 22.8553, 106.72, 1, 6.9, 50, 2, 7, 3.9),
('Thác Dambri', 11.6403, 107.74, 1, 7.2, 11, 2, 6, 4.1),
('Thác Dải Yếm', 20.8178, 104.59, 3, 6, 50, 3, 8, 3.9),
('Thác Mai', 11.0547, 107.398, 3, 6.8, 26, 4, 8, 4.2),
('Thác Mây', 20.3645, 105.445, 3, 7.3, 50, 3, 8, 4.1),
('Thác Mơ', 22.3509, 105.383, 3, 8.3, 23, 3, 6, 3.4),
('Thác Pa Sỹ', 14.6208, 108.238, 1, 6.3, 31, 5, 7, 3.1),
('Thác Phú Cường', 13.6615, 108.134, 1, 6.1, 32, 2, 5, 4.8),
('Thác Pú Nhu', 21.7946, 104.14, 3, 8.3, 20, 3, 8, 3.5),
('Thác Tiên Sa', 22.3275, 103.832, 3, 5.5, 39, 3, 7, 4.4),
('Thác Trắng', 14.9066, 108.657, 3, 7.3, 24, 2, 8, 3.1),
('Thác Đá Hàn', 10.9903, 107.012, 3, 7.5, 16, 2, 5, 3.5),
('Thác Đầu Đẳng', 22.4523, 105.569, 1, 8.8, 15, 3, 6, 3.2),
('Thác Đắk Buk So', 12.1974, 107.512, 1, 6.9, 12, 2, 5, 3.8),
('Thánh Địa La Vang', 16.7058, 107.194, 1, 6.8, 9, 2, 5, 3.1),
('Thánh Địa Mỹ Sơn', 15.7641, 108.122, 3, 8.9, 22, 3, 8, 3.9),
('Tháp Bà Po Nagar', 12.2654, 109.193, 2, 6.8, 5, 2, 5, 3.1),
('Tháp Bình Sơn', 21.4197, 105.404, 3, 7.8, 15, 4, 10, 3.3),
('Tháp Chiềng Sơ', 21.2689, 103.372, 3, 8.5, 59, 4, 7, 3.5),
('Tháp Chăm Yang Prong', 13.2097, 107.829, 3, 7.9, 50, 3, 6, 4.7),
('Tháp Phổ Minh', 20.4545, 106.161, 3, 5.3, 71, 3, 7, 4.1),
('Tháp Tường Long', 20.7141, 106.768, 3, 9.3, 41, 3, 5, 4.3),
('Tháp cổ Bình Thạnh', 11.0188, 106.217, 2, 6.5, 12, 4, 7, 4.5),
('Tháp Đôi', 13.6204, 109.21, 2, 5.1, 19, 4, 6, 3.3),
('Thủy điện Yaly', 14.228, 107.827, 3, 5.7, 11, 4, 7, 3.4),
('Trại rắn Đồng Tâm', 10.3529, 106.295, 1, 9.1, 19, 5, 5, 3.9),
('Trảng cỏ Bù Lạch', 11.8104, 107.349, 3, 8.9, 15, 2, 7, 3.8),
('Tu viện Bát Nhã', 11.6228, 107.74, 2, 6.6, 5, 3, 7, 4.1),
('Tòa Giám Mục Kon Tum', 14.3509, 108.008, 3, 6.1, 25, 2, 9, 4.7),
('Tòa thánh Tây Ninh', 11.3039, 106.131, 3, 7.3, 10, 3, 6, 3.1),
('Tượng chúa Giêsu Kito Vua', 10.3264, 107.082, 2, 8.1, 21, 4, 8, 3.2),
('Viện Hải dương học Nha Trang', 12.2081, 108.934, 3, 5.2, 14, 4, 6, 3.3),
('Văn Miếu – Quốc Tử Giám', 21.0294, 105.834, 2, 9.8, 12, 4, 5, 4.3),
('Vườn chim Thung Nham', 20.221, 105.889, 1, 7.5, 25, 3, 5, 4.2),
('Vườn Quốc Gia Phong Nha Kẻ Bàng', 17.5206, 106.152, 1, 7.9, 15, 3, 6, 3.7),
('Vườn Quốc gia Xuân Thủy', 20.2328, 106.568, 3, 5.1, 15, 3, 7, 4.7),
('Vườn cò Tân Long', 9.54066, 105.643, 3, 7.2, 12, 4, 6, 3.1),
('Vườn quốc gia Ba Bể', 22.3967, 105.614, 3, 8, 71, 2, 8, 3.1),
('Vườn quốc gia Bù Gia Mập', 12.1287, 107.19, 3, 5.1, 29, 4, 7, 4.3),
('Vườn quốc gia Chư Yang Sin', 12.396, 108.398, 3, 7.5, 18, 3, 7, 4.1),
('Vườn quốc gia Tràm Chim', 10.7272, 105.466, 3, 9.6, 5, 3, 7, 4.1),
('Vườn trái cây Cái Mơn', 10.2345, 106.169, 6, 9.1, 19, 5, 5, 3.9),
('Vịnh Hạ Long', 20.8434, 107.01, 3, 9.5, 44, 5, 6, 4.7),
('Vịnh Lan Hạ', 20.735, 107.007, 3, 9.2, 68, 3, 9, 4.4),
('Vịnh Vĩnh Hy', 11.7171, 109.191, 5, 6.9, 18, 2, 7, 3.3),
('Vịnh Xuân Đài', 13.4249, 109.186, 5, 6.9, 12, 3, 7, 3.2),
('Đèo Nai', 14.8768, 108.607, 3, 7.2, 23, 2, 6, 4.2),
('Đèo Ngang', 17.95, 106.458, 3, 8.2, 11, 3, 6, 4.3),
('Đèo Ô Quy Hồi', 22.3634, 103.754, 3, 6.9, 40, 2, 7, 3.9),
('Đèo Đá Trắng', 20.6602, 105.141, 1, 8.1, 13, 3, 5, 3.1),
('Đình làng Đình Bảng', 21.1083, 105.95, 3, 7.1, 21, 3, 8, 4.3),
('Đại Nội Huế', 16.4685, 107.576, 3, 8.9, 32, 3, 8, 4.9),
('Đảo Cò Chi Lăng Nam', 20.7136, 106.226, 1, 6.3, 44, 3, 5, 4.3),
('Đảo Cô Tô', 20.9835, 107.724, 5, 8.3, 65, 3, 5, 4.1),
('Đảo Cồn Cỏ', 17.1586, 107.331, 1, 7.5, 16, 2, 5, 3.5),
('Đảo Hòn Dấu', 20.6671, 106.814, 3, 6.1, 63, 5, 7, 4.3),
('Đảo Lan Châu', 18.8203, 105.72, 1, 7.3, 10, 3, 8, 3.1),
('Đảo Lý Sơn', 15.3807, 109.103, 5, 6.5, 11, 3, 8, 3.7),
('Đảo Phú Qúy', 10.5183, 108.911, 5, 5.7, 9, 3, 7, 4.1),
('Đảo Tuần Châu', 21.8514, 106.756, 5, 9, 55, 3, 5, 4.1),
('Đất ngập nước láng sen', 10.7751, 105.708, 3, 5.7, 10, 5, 8, 4.9),
('Đập Tam Giang', 13.3321, 109.216, 3, 6.2, 13, 2, 6, 3.9),
('Đền Chử Đồng Tử', 20.833, 105.922, 2, 7.5, 12, 3, 8, 3.3),
('Đền Hạ', 21.8131, 105.213, 2, 7.1, 15, 3, 7, 4),
('Đền Kiếp Bạc', 21.1511, 106.325, 2, 8.2, 88, 3, 7, 3.4),
('Đền Kỳ Cùng', 21.8514, 106.756, 2, 7, 8, 2, 9, 4.1),
('Đền Quốc mẫu Âu Cơ', 21.3762, 105.322, 2, 9.1, 30, 3, 9, 4.5),
('Đền Thượng', 22.5093, 103.966, 2, 8.1, 41, 4, 8, 3.2),
('Đền Tiên La', 20.6248, 106.22, 2, 8.1, 6, 3, 5, 4.3),
('Đền Trung Đô', 22.4526, 104.245, 2, 6.5, 42, 4, 8, 4.5),
('Đền Trúc', 20.5666, 105.859, 2, 7.3, 18, 3, 7, 4.1),
('Đền Trần', 20.4556, 106.166, 2, 7.6, 12, 3, 8, 3.8),
('Đền Trần Thương', 20.5762, 106.104, 2, 8.2, 15, 3, 8, 3.1),
('Đền Đô', 21.107, 105.958, 2, 9.5, 25, 3, 10, 3.2),
('Địa đạo Củ Chi', 10.7704, 106.7, 2, 9.7, 10, 5, 8, 4.9),
('Đồi A', 21.3831, 103.016, 3, 7.5, 30, 2, 7, 3.5),
('Đồi chè Long Cốc', 21.133, 105.06, 3, 5.6, 45, 3, 6, 3.5),
('Đồi chè Tân Cương', 21.5432, 105.758, 3, 6.5, 11, 3, 8, 3.2),
('Đồi chè Đông Giang', 15.9588, 107.933, 3, 8.2, 11, 2, 7, 3.3),
('Đồng Cao', 21.3015, 105.941, 3, 7.5, 5, 4, 8, 4.2),
('Đồng Sen Tháp Mười', 10.5515, 105.649, 3, 8.5, 15, 4, 8, 4.3),
('Đồng Tháp Mười', 10.725, 106.083, 3, 6.6, 5, 3, 10, 4.1),
('Đồng cừu An Hòa', 11.6531, 108.972, 3, 5.1, 10, 3, 6, 3.2),
('Động Ngườm Ngao', 22.845, 106.704, 1, 6.8, 53, 3, 5, 4.5),
('Động Puông', 22.4622, 105.651, 1, 6.5, 80, 2, 7, 3.5),
('Động Thác Bờ', 20.7567, 105.174, 3, 6.3, 11, 3, 8, 3.2),
('Động Tiên Sơn', 22.3184, 103.654, 1, 6.9, 70, 3, 6, 3.5),
('Động Từ Thức', 20.0479, 105.977, 3, 6.8, 36, 4, 8, 3.5),
('Ải Chi Lăng', 21.6195, 106.54, 3, 7.8, 7, 3, 8, 3.3);

-- --------------------------------------------------------

--
-- Cấu trúc bảng cho bảng `loaihinh`
--

CREATE TABLE `loaihinh` (
  `ID` int(11) NOT NULL,
  `Loai_hinh` varchar(50) CHARACTER SET utf8 COLLATE utf8_bin NOT NULL
) ENGINE=InnoDB DEFAULT CHARSET=latin1;

--
-- Đang đổ dữ liệu cho bảng `loaihinh`
--

INSERT INTO `loaihinh` (`ID`, `Loai_hinh`) VALUES
(1, 'Thám hiểm'),
(2, 'Tâm linh'),
(3, 'Tham quan'),
(5, 'Tắm biển'),
(6, 'Du lịch ẩm thực');

-- --------------------------------------------------------

--
-- Cấu trúc bảng cho bảng `xuatphat`
--

CREATE TABLE `xuatphat` (
  `ID` int(11) NOT NULL,
  `Ten` varchar(50) CHARACTER SET utf8 COLLATE utf8_vietnamese_ci NOT NULL,
  `Vi_do` float NOT NULL,
  `Kinh_do` float NOT NULL
) ENGINE=InnoDB DEFAULT CHARSET=latin1;

--
-- Đang đổ dữ liệu cho bảng `xuatphat`
--

INSERT INTO `xuatphat` (`ID`, `Ten`, `Vi_do`, `Kinh_do`) VALUES
(1, 'Ấp Tân Ngãi (Bến Tre)', 10.2333, 106.283),
(2, 'Bắc Giang (Bắc Giang)', 21.2731, 106.195),
(3, 'Bắc Kạn (Bắc Kạn)', 22.147, 105.835),
(4, 'Bắc Ninh (Bắc Ninh)', 21.1861, 106.076),
(5, 'Bảo Lộc (Lâm Đồng)', 11.548, 107.808),
(6, 'Bến Tre (Bến Tre)', 10.2415, 106.376),
(7, 'Biên Hòa (Đồng Nai)', 10.9447, 106.824),
(8, 'Bỉm Sơn (Thanh Hóa) ', 20.0781, 105.86),
(9, 'Bình Long (Bình Phước)', 11.6471, 106.606),
(10, 'Buôn Ma Thuột (Ðắc Lắk) ', 12.6675, 108.038),
(11, 'Cà Mau (Cà Mau) ', 9.17682, 105.152),
(12, 'Cẩm Phả Mines (Quảng Ninh)', 21.0167, 107.3),
(13, 'Cam Ranh (Khánh Hòa)', 11.9214, 109.159),
(14, 'Cần Giờ (Ho Chi Minh City)', 10.4111, 106.955),
(15, 'Cần Giuộc (Long An)', 10.6086, 106.671),
(16, 'Cần Thơ (Cần Thơ)', 10.0371, 105.788),
(17, 'Cao Lãnh (Đồng Tháp)', 10.4602, 105.633),
(18, 'Cát Bà (Hải Phòng)', 20.7278, 107.048),
(19, 'Cho Dok (An Giang) ', 10.7, 105.117),
(20, 'Củ Chi (Ho Chi Minh City)', 10.9733, 106.493),
(21, 'Ðà Lạt (Lâm Đồng) ', 11.9465, 108.442),
(22, 'Da Nang (Đà Nẵng)', 16.0678, 108.221),
(23, 'Dien Bien Phu (Huyện Ðiện Biên)', 21.386, 103.023),
(24, 'Don Luan (Bình Phước)', 11.535, 106.883),
(25, 'Ðông Hà (Quảng Trị)', 16.8162, 107.1),
(26, 'Dương Đông (Kiến Giang)', 10.2172, 103.959),
(27, 'Gia Nghĩa (Ðắk Nông) ', 12.0042, 107.691),
(28, 'Đinh Văn (Lâm Đồng)', 11.7862, 108.243),
(29, 'Hà Đông (Ha Nội) ', 20.9714, 105.779),
(30, 'Hà Tiên (Kiến Giang)', 10.3831, 104.488),
(31, 'Hà Tĩnh (Hà Tĩnh)', 18.3428, 105.906),
(32, 'Haiphong (Hải Phòng) ', 20.8648, 106.683),
(33, 'Hanoi (Ha Nội) ', 21.0245, 105.841),
(34, 'Ho Chi Minh City (Ho Chi Minh City) ', 10.823, 106.63),
(35, 'Hội An (Quảng Nam)', 15.8794, 108.335),
(36, 'Huế (Thừa Thiên-Huế)', 16.4619, 107.595),
(37, 'Hưng Yên (Hưng Yên)', 20.6464, 106.051),
(38, 'Kon Tum (Kon Tum)', 14.3545, 108.008),
(39, 'Kwang Binh (Quảng Bình)', 17.4688, 106.622),
(40, 'La Gi (Bình Thuận)', 10.6599, 107.772),
(41, 'Lai Châu (Lai Châu)', 22.3964, 103.458),
(42, 'Lào Cai (Lào Cai)', 22.4856, 103.971),
(43, 'Long Xuyên (An Giang)', 10.3864, 105.435),
(44, 'Móng Cái (Quảng Ninh)', 21.5247, 107.966),
(45, 'Mỹ Tho (Tiền Giang)', 10.36, 106.36),
(46, 'Nha Trang (Khánh Hòa)', 12.2451, 109.194),
(47, 'Phan Rang-Tháp Chàm (Ninh Thuận) ', 11.5643, 108.989),
(48, 'Phan Thiết (Bình Thuận) ', 10.9289, 108.102),
(49, 'Phú Khương (Tây Ninh)', 11.2833, 106.133),
(50, 'Pleiku (Gia Lai)', 13.9833, 108),
(51, 'Quảng Ngãi (Quảng Ngãi)', 15.1205, 108.792),
(52, 'Qui Nhon (Bình Định)', 13.7765, 109.224),
(53, 'Rạch Giá (Kiến Giang)', 10.0125, 105.081),
(54, 'Sa Pá (Lào Cai)', 22.3402, 103.844),
(55, 'Sadek (Đồng Tháp)', 10.2908, 105.756),
(56, 'Sóc Trăng (Sóc Trăng)', 9.59995, 105.972),
(57, 'Sơn La (Sơn La)', 21.3256, 103.919),
(58, 'Sơn Tây (Ha Nội)', 21.1405, 105.507),
(59, 'Sông Cầu (Phú Yên)', 13.4556, 109.223),
(60, 'Tam Kỳ (Quảng Nam)', 15.5736, 108.474),
(61, 'Tân An (Long An)', 10.5359, 106.414),
(62, 'Tây Ninh (Tây Ninh)', 11.31, 106.098),
(63, 'Thanh Hóa (Thanh Hóa) ', 19.8, 105.767),
(64, 'Thành Phố Bà Rịa (Bà Rịa-Vũng Tàu)', 10.4963, 107.168),
(65, 'Thành phố Bạc Liêu (Bạc Liêu) ', 9.29414, 105.728),
(66, 'Thành Phố Cao Bằng (Cao Bằng) ', 22.6657, 106.258),
(67, 'Thành Phố Hà Giang (Hà Giang)', 22.8233, 104.984),
(68, 'Thành Phố Hạ Long (Quảng Ninh)', 20.9505, 107.073),
(69, 'Thành Phố Hải Dương (Hải Dương)', 20.941, 106.333),
(70, 'Thành Phố Hòa Bình (Hòa Bình)', 20.8172, 105.338),
(71, 'Thành Phố Lạng Sơn (Lạng Sơn)', 21.8526, 106.761),
(72, 'Thành Phố Nam Định (Nam Định)', 20.4339, 106.177),
(73, 'Thành Phố Ninh Bình (Ninh Bình)', 20.2581, 105.98),
(74, 'Thành Phố Phủ Lý (Hà Nam)', 20.5453, 105.912),
(75, 'Thành Phố Thái Bình (Thái Bình)', 20.45, 106.34),
(76, 'Thành Phố Thái Nguyên (Thái Nguyên)', 21.5942, 105.848),
(77, 'Thành Phố Tuyên Quang (Tuyên Quang)', 21.8236, 105.214),
(78, 'Thành Phố Uông Bí (Quảng Ninh)', 21.0343, 106.77),
(79, 'Thủ Dầu Một (Bình Dương)', 10.9804, 106.652),
(80, 'Trà Vinh (Trà Vinh)', 9.94719, 106.342),
(81, 'Tuy Hòa (Phú Yên)', 13.0955, 109.321),
(82, 'Vị Thanh (Hau Giang)', 9.78449, 105.47),
(83, 'Việt Trì (Phú Thọ)', 21.3227, 105.402),
(84, 'Vinh (Nghệ An)', 18.6734, 105.692),
(85, 'Vĩnh Long (Vĩnh Long)', 10.2537, 105.972),
(86, 'Vĩnh Yên (Vĩnh Phúc)', 21.3089, 105.605),
(87, 'Vũng Tàu (Bà Rịa-Vũng Tàu) ', 10.346, 107.084),
(88, 'Yên Bái (Yên Bái)', 21.7229, 104.911),
(89, 'Yên Vinh (Nghệ An) ', 18.6667, 105.667);

--
-- Chỉ mục cho các bảng đã đổ
--

--
-- Chỉ mục cho bảng `datadulich`
--
ALTER TABLE `datadulich`
  ADD PRIMARY KEY (`Dia_diem`),
  ADD KEY `job_ibfk_2` (`Loai_Hinh`);

--
-- Chỉ mục cho bảng `loaihinh`
--
ALTER TABLE `loaihinh`
  ADD PRIMARY KEY (`ID`);

--
-- Chỉ mục cho bảng `xuatphat`
--
ALTER TABLE `xuatphat`
  ADD PRIMARY KEY (`ID`);

--
-- AUTO_INCREMENT cho các bảng đã đổ
--

--
-- AUTO_INCREMENT cho bảng `xuatphat`
--
ALTER TABLE `xuatphat`
  MODIFY `ID` int(11) NOT NULL AUTO_INCREMENT, AUTO_INCREMENT=90;

--
-- Các ràng buộc cho các bảng đã đổ
--

--
-- Các ràng buộc cho bảng `datadulich`
--
ALTER TABLE `datadulich`
  ADD CONSTRAINT `job_ibfk_2` FOREIGN KEY (`Loai_Hinh`) REFERENCES `loaihinh` (`ID`);
COMMIT;

/*!40101 SET CHARACTER_SET_CLIENT=@OLD_CHARACTER_SET_CLIENT */;
/*!40101 SET CHARACTER_SET_RESULTS=@OLD_CHARACTER_SET_RESULTS */;
/*!40101 SET COLLATION_CONNECTION=@OLD_COLLATION_CONNECTION */;
